Source,SID,Target,TID,Overallcount,Type,Label,Weight
"Otto Brahm","10986","Olga Schnitzler","2173","555","Directed","Otto Brahm–Olga Schnitzler","2"
"Rainer Maria Rilke","9531","Hugo von Hofmannsthal","11740","300","Directed","Rainer Maria Rilke–Hugo von Hofmannsthal","1"
"Rainer Maria Rilke","9531","Hermann Bahr","10815","223","Directed","Rainer Maria Rilke–Hermann Bahr","2"
"Rainer Maria Rilke","9531","Isidor Singer","12790","66","Directed","Rainer Maria Rilke–Isidor Singer","2"
"Rainer Maria Rilke","9531","Marie Reinhard","2378","61","Directed","Rainer Maria Rilke–Marie Reinhard","1"
"Rainer Maria Rilke","9531","Jakob Wassermann","13055","57","Directed","Rainer Maria Rilke–Jakob Wassermann","1"
"Rainer Maria Rilke","9531","Lou Andreas-Salomé","10762","27","Directed","Rainer Maria Rilke–Lou Andreas-Salomé","2"
"Rainer Maria Rilke","9531","Alfred von Berger","10883","20","Directed","Rainer Maria Rilke–Alfred von Berger","2"
"Emilie Mataja","4223","Karl Kraus","11988","33","Directed","Emilie Mataja–Karl Kraus","1"
"Emilie Mataja","4223","Maximilian Harden","11581","21","Directed","Emilie Mataja–Maximilian Harden","2"
"Carl von Torresani","26121","Richard Beer-Hofmann","10863","397","Directed","Carl von Torresani–Richard Beer-Hofmann","1"
"Carl von Torresani","26121","Hugo von Hofmannsthal","11740","300","Directed","Carl von Torresani–Hugo von Hofmannsthal","1"
"Carl von Torresani","26121","Hermann Bahr","10815","223","Directed","Carl von Torresani–Hermann Bahr","1"
"Carl von Torresani","26121","Felix Salten","2167","140","Directed","Carl von Torresani–Felix Salten","3"
"Carl von Torresani","26121","Johann Schnitzler","12695","28","Directed","Carl von Torresani–Johann Schnitzler","1"
"Theodor von Sosnosky","9941","Richard Beer-Hofmann","10863","397","Directed","Theodor von Sosnosky–Richard Beer-Hofmann","1"
"Theodor von Sosnosky","9941","Hugo von Hofmannsthal","11740","300","Directed","Theodor von Sosnosky–Hugo von Hofmannsthal","1"
"Theodor von Sosnosky","9941","Hermann Bahr","10815","223","Directed","Theodor von Sosnosky–Hermann Bahr","1"
"Theodor von Sosnosky","9941","Gustav Schwarzkopf","12740","93","Directed","Theodor von Sosnosky–Gustav Schwarzkopf","4"
"Gustav Schwarzkopf","12740","Olga Schnitzler","2173","555","Directed","Gustav Schwarzkopf–Olga Schnitzler","60"
"Gustav Schwarzkopf","12740","Richard Beer-Hofmann","10863","397","Directed","Gustav Schwarzkopf–Richard Beer-Hofmann","39"
"Gustav Schwarzkopf","12740","Hugo von Hofmannsthal","11740","300","Directed","Gustav Schwarzkopf–Hugo von Hofmannsthal","22"
"Gustav Schwarzkopf","12740","Paul Goldmann","11485","165","Directed","Gustav Schwarzkopf–Paul Goldmann","19"
"Gustav Schwarzkopf","12740","Felix Salten","2167","140","Directed","Gustav Schwarzkopf–Felix Salten","11"
"Gustav Schwarzkopf","12740","Heinrich Schnitzler","12692","133","Directed","Gustav Schwarzkopf–Heinrich Schnitzler","27"
"Gustav Schwarzkopf","12740","Otto Brahm","10986","132","Directed","Gustav Schwarzkopf–Otto Brahm","7"
"Gustav Schwarzkopf","12740","Paula Beer-Hofmann","10860","121","Directed","Gustav Schwarzkopf–Paula Beer-Hofmann","1"
"Gustav Schwarzkopf","12740","Louise Schnitzler","12701","106","Directed","Gustav Schwarzkopf–Louise Schnitzler","24"
"Gustav Schwarzkopf","12740","Ottilie Salten","23918","88","Directed","Gustav Schwarzkopf–Ottilie Salten","1"
"Gustav Schwarzkopf","12740","Samuel Fischer","11324","67","Directed","Gustav Schwarzkopf–Samuel Fischer","3"
"Gustav Schwarzkopf","12740","Max Schwarzkopf","24648","61","Directed","Gustav Schwarzkopf–Max Schwarzkopf","60"
"Gustav Schwarzkopf","12740","Marie Reinhard","2378","61","Directed","Gustav Schwarzkopf–Marie Reinhard","1"
"Gustav Schwarzkopf","12740","Elisabeth Steinrück","2315","59","Directed","Gustav Schwarzkopf–Elisabeth Steinrück","15"
"Gustav Schwarzkopf","12740","Gertrude von Hofmannsthal","2292","58","Directed","Gustav Schwarzkopf–Gertrude von Hofmannsthal","3"
"Gustav Schwarzkopf","12740","Jakob Wassermann","13055","57","Directed","Gustav Schwarzkopf–Jakob Wassermann","11"
"Gustav Schwarzkopf","12740","Julius Schnitzler","12698","56","Directed","Gustav Schwarzkopf–Julius Schnitzler","9"
"Gustav Schwarzkopf","12740","Lili Cappellini","2238","54","Directed","Gustav Schwarzkopf–Lili Cappellini","16"
"Gustav Schwarzkopf","12740","Theodor Herzl","11673","51","Directed","Gustav Schwarzkopf–Theodor Herzl","1"
"Gustav Schwarzkopf","12740","Alfred Kerr","11910","50","Directed","Gustav Schwarzkopf–Alfred Kerr","1"
"Gustav Schwarzkopf","12740","Johann Wolfgang von Goethe","11461","49","Directed","Gustav Schwarzkopf–Johann Wolfgang von Goethe","1"
"Gustav Schwarzkopf","12740","Paul Schlenther","12671","46","Directed","Gustav Schwarzkopf–Paul Schlenther","2"
"Gustav Schwarzkopf","12740","Georg Hirschfeld","11701","44","Directed","Gustav Schwarzkopf–Georg Hirschfeld","4"
"Gustav Schwarzkopf","12740","Gerhart Hauptmann","11617","44","Directed","Gustav Schwarzkopf–Gerhart Hauptmann","1"
"Gustav Schwarzkopf","12740","Leo Van-Jung","26392","43","Directed","Gustav Schwarzkopf–Leo Van-Jung","4"
"Gustav Schwarzkopf","12740","Adele Sandrock","12618","42","Directed","Gustav Schwarzkopf–Adele Sandrock","2"
"Gustav Schwarzkopf","12740","Max Reinhardt","12504","38","Directed","Gustav Schwarzkopf–Max Reinhardt","1"
"Gustav Schwarzkopf","12740","Marie Glümer","14953","36","Directed","Gustav Schwarzkopf–Marie Glümer","2"
"Gustav Schwarzkopf","12740","Oskar Blumenthal","14328","36","Directed","Gustav Schwarzkopf–Oskar Blumenthal","4"
"Gustav Schwarzkopf","12740","Karl Kraus","11988","33","Directed","Gustav Schwarzkopf–Karl Kraus","6"
"Gustav Schwarzkopf","12740","Hugo August von Hofmannsthal","11737","33","Directed","Gustav Schwarzkopf–Hugo August von Hofmannsthal","2"
"Gustav Schwarzkopf","12740","Robert Hirschfeld","11707","28","Directed","Gustav Schwarzkopf–Robert Hirschfeld","3"
"Gustav Schwarzkopf","12740","Gisela Hajek","2461","26","Directed","Gustav Schwarzkopf–Gisela Hajek","8"
"Gustav Schwarzkopf","12740","Friedrich Schik","2420","25","Directed","Gustav Schwarzkopf–Friedrich Schik","1"
"Gustav Schwarzkopf","12740","Theodore Rottenberg","23674","24","Directed","Gustav Schwarzkopf–Theodore Rottenberg","1"
"Gustav Schwarzkopf","12740","Paul Marx","21647","24","Directed","Gustav Schwarzkopf–Paul Marx","15"
"Gustav Schwarzkopf","12740","Julius von Gans-Ludassy","11406","24","Directed","Gustav Schwarzkopf–Julius von Gans-Ludassy","1"
"Gustav Schwarzkopf","12740","Clara Katharina Pollaczek","12435","20","Directed","Gustav Schwarzkopf–Clara Katharina Pollaczek","4"
"Gustav Schwarzkopf","12740","Alfred von Berger","10883","20","Directed","Gustav Schwarzkopf–Alfred von Berger","1"
"Gustav Schwarzkopf","12740","Emanuel Reicher","12491","19","Directed","Gustav Schwarzkopf–Emanuel Reicher","1"
"Gustav Schwarzkopf","12740","Arthur Kaufmann","2496","19","Directed","Gustav Schwarzkopf–Arthur Kaufmann","1"
"Gustav Schwarzkopf","12740","Helene Schnitzler","24423","18","Directed","Gustav Schwarzkopf–Helene Schnitzler","3"
"Gustav Schwarzkopf","12740","Leo Ebermann","2157","18","Directed","Gustav Schwarzkopf–Leo Ebermann","8"
"Gustav Schwarzkopf","12740","Irene Triesch","12977","16","Directed","Gustav Schwarzkopf–Irene Triesch","1"
"Gustav Schwarzkopf","12740","Alfred Dreyfus","4216","16","Directed","Gustav Schwarzkopf–Alfred Dreyfus","3"
"Gustav Schwarzkopf","12740","Raoul Auernheimer","10788","15","Directed","Gustav Schwarzkopf–Raoul Auernheimer","1"
"Gustav Schwarzkopf","12740","Hermann Beer","13913","14","Directed","Gustav Schwarzkopf–Hermann Beer","1"
"Gustav Schwarzkopf","12740","Carl Karlweis","13082","14","Directed","Gustav Schwarzkopf–Carl Karlweis","6"
"Gustav Schwarzkopf","12740","Felix Dörmann","2425","14","Directed","Gustav Schwarzkopf–Felix Dörmann","1"
"Gustav Schwarzkopf","12740","Friedrich Kapper","19106","13","Directed","Gustav Schwarzkopf–Friedrich Kapper","1"
"Gustav Schwarzkopf","12740","Albert Steinrück","12837","13","Directed","Gustav Schwarzkopf–Albert Steinrück","1"
"Gustav Schwarzkopf","12740","Richard Rosenbaum","12556","13","Directed","Gustav Schwarzkopf–Richard Rosenbaum","1"
"Gustav Schwarzkopf","12740","Gilbert Otto Neumann-Hofer","12348","13","Directed","Gustav Schwarzkopf–Gilbert Otto Neumann-Hofer","1"
"Carl Sternheim","12848","Hugo von Hofmannsthal","11740","300","Directed","Carl Sternheim–Hugo von Hofmannsthal","1"
"Carl Sternheim","12848","Hermann Bahr","10815","223","Directed","Carl Sternheim–Hermann Bahr","1"
"Carl Sternheim","12848","Gerhart Hauptmann","11617","44","Directed","Carl Sternheim–Gerhart Hauptmann","1"
"Berta Zuckerkandl","2312","Olga Schnitzler","2173","555","Directed","Berta Zuckerkandl–Olga Schnitzler","9"
"Berta Zuckerkandl","2312","Hugo von Hofmannsthal","11740","300","Directed","Berta Zuckerkandl–Hugo von Hofmannsthal","1"
"Berta Zuckerkandl","2312","Heinrich Schnitzler","12692","133","Directed","Berta Zuckerkandl–Heinrich Schnitzler","3"
"Berta Zuckerkandl","2312","Louise Schnitzler","12701","106","Directed","Berta Zuckerkandl–Louise Schnitzler","1"
"Berta Zuckerkandl","2312","Samuel Fischer","11324","67","Directed","Berta Zuckerkandl–Samuel Fischer","1"
"Berta Zuckerkandl","2312","Lili Cappellini","2238","54","Directed","Berta Zuckerkandl–Lili Cappellini","4"
"Berta Zuckerkandl","2312","Arthur Schnitzler","2121","37","Directed","Berta Zuckerkandl–Arthur Schnitzler","1"
"Berta Zuckerkandl","2312","Gisela Hajek","2461","26","Directed","Berta Zuckerkandl–Gisela Hajek","1"
"Berta Zuckerkandl","2312","Josef Kainz","11851","24","Directed","Berta Zuckerkandl–Josef Kainz","1"
"Berta Zuckerkandl","2312","André Antoine","2211","24","Directed","Berta Zuckerkandl–André Antoine","8"
"Berta Zuckerkandl","2312","Jean Thorel","3966","23","Directed","Berta Zuckerkandl–Jean Thorel","3"
"Berta Zuckerkandl","2312","William Shakespeare","2412","22","Directed","Berta Zuckerkandl–William Shakespeare","1"
"Berta Zuckerkandl","2312","Clara Katharina Pollaczek","12435","20","Directed","Berta Zuckerkandl–Clara Katharina Pollaczek","9"
"Berta Zuckerkandl","2312","Helene Schnitzler","24423","18","Directed","Berta Zuckerkandl–Helene Schnitzler","1"
"Berta Zuckerkandl","2312","Maurice Rémon","23787","17","Directed","Berta Zuckerkandl–Maurice Rémon","16"
"Berta Zuckerkandl","2312","Siegfried Trebitsch","12968","17","Directed","Berta Zuckerkandl–Siegfried Trebitsch","1"
"Berta Zuckerkandl","2312","Paul Géraldy","3138","13","Directed","Berta Zuckerkandl–Paul Géraldy","12"
"Romain Rolland","12543","Gerhart Hauptmann","11617","44","Directed","Romain Rolland–Gerhart Hauptmann","1"
"Romain Rolland","12543","William Shakespeare","2412","22","Directed","Romain Rolland–William Shakespeare","1"
"Karl Emil Franzos","7218","Arthur Schnitzler","2121","37","Directed","Karl Emil Franzos–Arthur Schnitzler","2"
"Karl Emil Franzos","7218","Johann Schnitzler","12695","28","Directed","Karl Emil Franzos–Johann Schnitzler","2"
"Theodor Herzl","11673","Richard Beer-Hofmann","10863","397","Directed","Theodor Herzl–Richard Beer-Hofmann","1"
"Theodor Herzl","11673","Hugo von Hofmannsthal","11740","300","Directed","Theodor Herzl–Hugo von Hofmannsthal","4"
"Theodor Herzl","11673","Hermann Bahr","10815","223","Directed","Theodor Herzl–Hermann Bahr","2"
"Theodor Herzl","11673","Paul Goldmann","11485","165","Directed","Theodor Herzl–Paul Goldmann","6"
"Theodor Herzl","11673","Otto Brahm","10986","132","Directed","Theodor Herzl–Otto Brahm","7"
"Theodor Herzl","11673","Louise Schnitzler","12701","106","Directed","Theodor Herzl–Louise Schnitzler","5"
"Theodor Herzl","11673","Samuel Fischer","11324","67","Directed","Theodor Herzl–Samuel Fischer","8"
"Theodor Herzl","11673","Max Eugen Burckhard","11036","57","Directed","Theodor Herzl–Max Eugen Burckhard","2"
"Theodor Herzl","11673","Julius Schnitzler","12698","56","Directed","Theodor Herzl–Julius Schnitzler","2"
"Theodor Herzl","11673","Paul Schlenther","12671","46","Directed","Theodor Herzl–Paul Schlenther","1"
"Theodor Herzl","11673","Adele Sandrock","12618","42","Directed","Theodor Herzl–Adele Sandrock","1"
"Theodor Herzl","11673","Oskar Blumenthal","14328","36","Directed","Theodor Herzl–Oskar Blumenthal","18"
"Theodor Herzl","11673","Johann Schnitzler","12695","28","Directed","Theodor Herzl–Johann Schnitzler","3"
"Theodor Herzl","11673","Friedrich Schik","2420","25","Directed","Theodor Herzl–Friedrich Schik","22"
"Theodor Herzl","11673","Julius von Gans-Ludassy","11406","24","Directed","Theodor Herzl–Julius von Gans-Ludassy","1"
"Theodor Herzl","11673","Hermann Sudermann","12899","19","Directed","Theodor Herzl–Hermann Sudermann","2"
"Theodor Herzl","11673","Friedrich Mitterwurzer","12265","17","Directed","Theodor Herzl–Friedrich Mitterwurzer","1"
"Theodor Herzl","11673","Adam Müller-Guttenbrunn","12331","16","Directed","Theodor Herzl–Adam Müller-Guttenbrunn","15"
"Theodor Herzl","11673","?? [Schreibkraft für Arthur Schnitzler]","27711","13","Directed","Theodor Herzl–?? [Schreibkraft für Arthur Schnitzler]","5"
"Theodor Herzl","11673","Emerich von Bukovics","2161","13","Directed","Theodor Herzl–Emerich von Bukovics","2"
"Stefan Zweig","13212","Olga Schnitzler","2173","555","Directed","Stefan Zweig–Olga Schnitzler","33"
"Stefan Zweig","13212","Hugo von Hofmannsthal","11740","300","Directed","Stefan Zweig–Hugo von Hofmannsthal","1"
"Stefan Zweig","13212","Hermann Bahr","10815","223","Directed","Stefan Zweig–Hermann Bahr","4"
"Stefan Zweig","13212","Heinrich Schnitzler","12692","133","Directed","Stefan Zweig–Heinrich Schnitzler","3"
"Stefan Zweig","13212","Otto Brahm","10986","132","Directed","Stefan Zweig–Otto Brahm","1"
"Stefan Zweig","13212","Samuel Fischer","11324","67","Directed","Stefan Zweig–Samuel Fischer","5"
"Stefan Zweig","13212","Elisabeth Steinrück","2315","59","Directed","Stefan Zweig–Elisabeth Steinrück","1"
"Stefan Zweig","13212","Jakob Wassermann","13055","57","Directed","Stefan Zweig–Jakob Wassermann","3"
"Stefan Zweig","13212","Lili Cappellini","2238","54","Directed","Stefan Zweig–Lili Cappellini","2"
"Stefan Zweig","13212","Johann Wolfgang von Goethe","11461","49","Directed","Stefan Zweig–Johann Wolfgang von Goethe","4"
"Stefan Zweig","13212","Gerhart Hauptmann","11617","44","Directed","Stefan Zweig–Gerhart Hauptmann","4"
"Stefan Zweig","13212","Adele Sandrock","12618","42","Directed","Stefan Zweig–Adele Sandrock","1"
"Stefan Zweig","13212","Georg Brandes","10992","39","Directed","Stefan Zweig–Georg Brandes","1"
"Stefan Zweig","13212","Arthur Schnitzler","2121","37","Directed","Stefan Zweig–Arthur Schnitzler","4"
"Stefan Zweig","13212","André Antoine","2211","24","Directed","Stefan Zweig–André Antoine","1"
"Stefan Zweig","13212","William Shakespeare","2412","22","Directed","Stefan Zweig–William Shakespeare","1"
"Stefan Zweig","13212","Romain Rolland","12543","21","Directed","Stefan Zweig–Romain Rolland","17"
"Stefan Zweig","13212","Clara Katharina Pollaczek","12435","20","Directed","Stefan Zweig–Clara Katharina Pollaczek","1"
"Stefan Zweig","13212","Maurice Rémon","23787","17","Directed","Stefan Zweig–Maurice Rémon","1"
"Stefan Zweig","13212","Richard Specht","2456","16","Directed","Stefan Zweig–Richard Specht","2"
"Stefan Zweig","13212","Raoul Auernheimer","10788","15","Directed","Stefan Zweig–Raoul Auernheimer","2"
"Stefan Zweig","13212","Albert Steinrück","12837","13","Directed","Stefan Zweig–Albert Steinrück","1"
"Stefan Zweig","13212","Richard Rosenbaum","12556","13","Directed","Stefan Zweig–Richard Rosenbaum","4"
"Elsa Plessner","2128","Olga Schnitzler","2173","555","Directed","Elsa Plessner–Olga Schnitzler","3"
"Elsa Plessner","2128","Hermann Bahr","10815","223","Directed","Elsa Plessner–Hermann Bahr","4"
"Elsa Plessner","2128","Otto Brahm","10986","132","Directed","Elsa Plessner–Otto Brahm","5"
"Elsa Plessner","2128","Arthur Schnitzler","2121","37","Directed","Elsa Plessner–Arthur Schnitzler","1"
"Elsa Plessner","2128","Josef Kainz","11851","24","Directed","Elsa Plessner–Josef Kainz","1"
"Elsa Plessner","2128","Felix Dörmann","2425","14","Directed","Elsa Plessner–Felix Dörmann","1"
"Marie Herzfeld","11666","Hugo von Hofmannsthal","11740","300","Directed","Marie Herzfeld–Hugo von Hofmannsthal","2"
"Marie Herzfeld","11666","Georg Brandes","10992","39","Directed","Marie Herzfeld–Georg Brandes","2"
"Marie Herzfeld","11666","Arthur Schnitzler","2121","37","Directed","Marie Herzfeld–Arthur Schnitzler","1"
"Marie Herzfeld","11666","Johann Schnitzler","12695","28","Directed","Marie Herzfeld–Johann Schnitzler","1"
"Karin Michaëlis","4408","Olga Schnitzler","2173","555","Directed","Karin Michaëlis–Olga Schnitzler","1"
"Karin Michaëlis","4408","Peter Nansen","2357","19","Directed","Karin Michaëlis–Peter Nansen","1"
"Therese Rie-Andro","4836","Johann Wolfgang von Goethe","11461","49","Directed","Therese Rie-Andro–Johann Wolfgang von Goethe","1"
"Therese Rie-Andro","4836","Johann Schnitzler","12695","28","Directed","Therese Rie-Andro–Johann Schnitzler","2"
"Therese Rie-Andro","4836","Josef Kainz","11851","24","Directed","Therese Rie-Andro–Josef Kainz","1"
"Therese Rie-Andro","4836","William Shakespeare","2412","22","Directed","Therese Rie-Andro–William Shakespeare","1"
"Therese Rie-Andro","4836","Romain Rolland","12543","21","Directed","Therese Rie-Andro–Romain Rolland","2"
"Ludwig Ganghofer","11402","Otto Brahm","10986","132","Directed","Ludwig Ganghofer–Otto Brahm","1"
"Ludwig Ganghofer","11402","Ludwig Fulda","11391","15","Directed","Ludwig Ganghofer–Ludwig Fulda","1"
"Adalbert Franz Seligmann","12769","Max Eugen Burckhard","11036","57","Directed","Adalbert Franz Seligmann–Max Eugen Burckhard","1"
"Adalbert Franz Seligmann","12769","William Shakespeare","2412","22","Directed","Adalbert Franz Seligmann–William Shakespeare","1"
"Robert Adam","12438","Olga Schnitzler","2173","555","Directed","Robert Adam–Olga Schnitzler","1"
"Robert Adam","12438","Heinrich Schnitzler","12692","133","Directed","Robert Adam–Heinrich Schnitzler","1"
"Robert Adam","12438","Lili Cappellini","2238","54","Directed","Robert Adam–Lili Cappellini","2"
"Robert Adam","12438","Romain Rolland","12543","21","Directed","Robert Adam–Romain Rolland","1"
"Robert Adam","12438","Albert Steinrück","12837","13","Directed","Robert Adam–Albert Steinrück","2"
"Peter Altenberg","2147","Olga Schnitzler","2173","555","Directed","Peter Altenberg–Olga Schnitzler","1"
"Peter Altenberg","2147","Richard Beer-Hofmann","10863","397","Directed","Peter Altenberg–Richard Beer-Hofmann","2"
"Peter Altenberg","2147","Hugo von Hofmannsthal","11740","300","Directed","Peter Altenberg–Hugo von Hofmannsthal","2"
"Peter Altenberg","2147","Hermann Bahr","10815","223","Directed","Peter Altenberg–Hermann Bahr","1"
"Peter Altenberg","2147","Gustav Schwarzkopf","12740","93","Directed","Peter Altenberg–Gustav Schwarzkopf","1"
"Peter Altenberg","2147","Gerhart Hauptmann","11617","44","Directed","Peter Altenberg–Gerhart Hauptmann","2"
"Peter Altenberg","2147","Leo Ebermann","2157","18","Directed","Peter Altenberg–Leo Ebermann","1"
"Lou Andreas-Salomé","10762","Olga Schnitzler","2173","555","Directed","Lou Andreas-Salomé–Olga Schnitzler","1"
"Lou Andreas-Salomé","10762","Richard Beer-Hofmann","10863","397","Directed","Lou Andreas-Salomé–Richard Beer-Hofmann","1"
"Lou Andreas-Salomé","10762","Paul Goldmann","11485","165","Directed","Lou Andreas-Salomé–Paul Goldmann","3"
"Lou Andreas-Salomé","10762","Otto Brahm","10986","132","Directed","Lou Andreas-Salomé–Otto Brahm","1"
"Lou Andreas-Salomé","10762","Fedor Mamroth","4986","77","Directed","Lou Andreas-Salomé–Fedor Mamroth","1"
"Lou Andreas-Salomé","10762","Gerhart Hauptmann","11617","44","Directed","Lou Andreas-Salomé–Gerhart Hauptmann","2"
"Lou Andreas-Salomé","10762","Georg Brandes","10992","39","Directed","Lou Andreas-Salomé–Georg Brandes","1"
"Hermann Bahr","10815","Olga Schnitzler","2173","555","Directed","Hermann Bahr–Olga Schnitzler","102"
"Hermann Bahr","10815","Richard Beer-Hofmann","10863","397","Directed","Hermann Bahr–Richard Beer-Hofmann","11"
"Hermann Bahr","10815","Hugo von Hofmannsthal","11740","300","Directed","Hermann Bahr–Hugo von Hofmannsthal","19"
"Hermann Bahr","10815","Paul Goldmann","11485","165","Directed","Hermann Bahr–Paul Goldmann","2"
"Hermann Bahr","10815","Felix Salten","2167","140","Directed","Hermann Bahr–Felix Salten","12"
"Hermann Bahr","10815","Heinrich Schnitzler","12692","133","Directed","Hermann Bahr–Heinrich Schnitzler","9"
"Hermann Bahr","10815","Otto Brahm","10986","132","Directed","Hermann Bahr–Otto Brahm","15"
"Hermann Bahr","10815","Louise Schnitzler","12701","106","Directed","Hermann Bahr–Louise Schnitzler","1"
"Hermann Bahr","10815","Heinrich Kanner","11867","75","Directed","Hermann Bahr–Heinrich Kanner","39"
"Hermann Bahr","10815","Samuel Fischer","11324","67","Directed","Hermann Bahr–Samuel Fischer","7"
"Hermann Bahr","10815","Isidor Singer","12790","66","Directed","Hermann Bahr–Isidor Singer","40"
"Hermann Bahr","10815","Marie Reinhard","2378","61","Directed","Hermann Bahr–Marie Reinhard","1"
"Hermann Bahr","10815","Elisabeth Steinrück","2315","59","Directed","Hermann Bahr–Elisabeth Steinrück","1"
"Hermann Bahr","10815","Gertrude von Hofmannsthal","2292","58","Directed","Hermann Bahr–Gertrude von Hofmannsthal","1"
"Hermann Bahr","10815","Max Eugen Burckhard","11036","57","Directed","Hermann Bahr–Max Eugen Burckhard","14"
"Hermann Bahr","10815","Julius Schnitzler","12698","56","Directed","Hermann Bahr–Julius Schnitzler","5"
"Hermann Bahr","10815","Lili Cappellini","2238","54","Directed","Hermann Bahr–Lili Cappellini","3"
"Hermann Bahr","10815","Johann Wolfgang von Goethe","11461","49","Directed","Hermann Bahr–Johann Wolfgang von Goethe","1"
"Hermann Bahr","10815","Paul Schlenther","12671","46","Directed","Hermann Bahr–Paul Schlenther","2"
"Hermann Bahr","10815","Georg Hirschfeld","11701","44","Directed","Hermann Bahr–Georg Hirschfeld","2"
"Hermann Bahr","10815","Leo Van-Jung","26392","43","Directed","Hermann Bahr–Leo Van-Jung","1"
"Hermann Bahr","10815","Adele Sandrock","12618","42","Directed","Hermann Bahr–Adele Sandrock","3"
"Hermann Bahr","10815","Georg Brandes","10992","39","Directed","Hermann Bahr–Georg Brandes","1"
"Hermann Bahr","10815","Max Reinhardt","12504","38","Directed","Hermann Bahr–Max Reinhardt","12"
"Hermann Bahr","10815","Arthur Schnitzler","2121","37","Directed","Hermann Bahr–Arthur Schnitzler","3"
"Hermann Bahr","10815","Peter Altenberg","2147","35","Directed","Hermann Bahr–Peter Altenberg","9"
"Hermann Bahr","10815","Karl Kraus","11988","33","Directed","Hermann Bahr–Karl Kraus","2"
"Hermann Bahr","10815","Leopold von Andrian-Werburg","10765","32","Directed","Hermann Bahr–Leopold von Andrian-Werburg","4"
"Hermann Bahr","10815","Anna Bahr-Mildenburg","10818","31","Directed","Hermann Bahr–Anna Bahr-Mildenburg","30"
"Hermann Bahr","10815","Josef Kainz","11851","24","Directed","Hermann Bahr–Josef Kainz","1"
"Hermann Bahr","10815","André Antoine","2211","24","Directed","Hermann Bahr–André Antoine","2"
"Hermann Bahr","10815","Maximilian Harden","11581","21","Directed","Hermann Bahr–Maximilian Harden","1"
"Hermann Bahr","10815","Alfred von Berger","10883","20","Directed","Hermann Bahr–Alfred von Berger","4"
"Hermann Bahr","10815","Hermann Sudermann","12899","19","Directed","Hermann Bahr–Hermann Sudermann","1"
"Hermann Bahr","10815","Emanuel Reicher","12491","19","Directed","Hermann Bahr–Emanuel Reicher","3"
"Hermann Bahr","10815","Peter Nansen","2357","19","Directed","Hermann Bahr–Peter Nansen","1"
"Hermann Bahr","10815","Leo Ebermann","2157","18","Directed","Hermann Bahr–Leo Ebermann","1"
"Hermann Bahr","10815","Siegfried Trebitsch","12968","17","Directed","Hermann Bahr–Siegfried Trebitsch","4"
"Hermann Bahr","10815","Friedrich Mitterwurzer","12265","17","Directed","Hermann Bahr–Friedrich Mitterwurzer","2"
"Hermann Bahr","10815","Irene Triesch","12977","16","Directed","Hermann Bahr–Irene Triesch","1"
"Hermann Bahr","10815","Ludwig Fulda","11391","15","Directed","Hermann Bahr–Ludwig Fulda","1"
"Hermann Bahr","10815","Carl Karlweis","13082","14","Directed","Hermann Bahr–Carl Karlweis","3"
"Hermann Bahr","10815","Markus Hajek","2284","14","Directed","Hermann Bahr–Markus Hajek","1"
"Hermann Bahr","10815","Julius Bauer","2150","14","Directed","Hermann Bahr–Julius Bauer","1"
"Hermann Bahr","10815","Gilbert Otto Neumann-Hofer","12348","13","Directed","Hermann Bahr–Gilbert Otto Neumann-Hofer","4"
"Hermann Bahr","10815","Emerich von Bukovics","2161","13","Directed","Hermann Bahr–Emerich von Bukovics","9"
"Hermann Bahr","10815","Ludwig Speidel","12816","12","Directed","Hermann Bahr–Ludwig Speidel","1"
"Richard Beer-Hofmann","10863","Olga Schnitzler","2173","555","Directed","Richard Beer-Hofmann–Olga Schnitzler","63"
"Richard Beer-Hofmann","10863","Hugo von Hofmannsthal","11740","300","Directed","Richard Beer-Hofmann–Hugo von Hofmannsthal","124"
"Richard Beer-Hofmann","10863","Hermann Bahr","10815","223","Directed","Richard Beer-Hofmann–Hermann Bahr","33"
"Richard Beer-Hofmann","10863","Paul Goldmann","11485","165","Directed","Richard Beer-Hofmann–Paul Goldmann","70"
"Richard Beer-Hofmann","10863","Felix Salten","2167","140","Directed","Richard Beer-Hofmann–Felix Salten","50"
"Richard Beer-Hofmann","10863","Heinrich Schnitzler","12692","133","Directed","Richard Beer-Hofmann–Heinrich Schnitzler","14"
"Richard Beer-Hofmann","10863","Otto Brahm","10986","132","Directed","Richard Beer-Hofmann–Otto Brahm","17"
"Richard Beer-Hofmann","10863","Paula Beer-Hofmann","10860","121","Directed","Richard Beer-Hofmann–Paula Beer-Hofmann","102"
"Richard Beer-Hofmann","10863","Louise Schnitzler","12701","106","Directed","Richard Beer-Hofmann–Louise Schnitzler","22"
"Richard Beer-Hofmann","10863","Gustav Schwarzkopf","12740","93","Directed","Richard Beer-Hofmann–Gustav Schwarzkopf","45"
"Richard Beer-Hofmann","10863","Fedor Mamroth","4986","77","Directed","Richard Beer-Hofmann–Fedor Mamroth","4"
"Richard Beer-Hofmann","10863","Heinrich Kanner","11867","75","Directed","Richard Beer-Hofmann–Heinrich Kanner","1"
"Richard Beer-Hofmann","10863","Samuel Fischer","11324","67","Directed","Richard Beer-Hofmann–Samuel Fischer","10"
"Richard Beer-Hofmann","10863","Isidor Singer","12790","66","Directed","Richard Beer-Hofmann–Isidor Singer","2"
"Richard Beer-Hofmann","10863","Marie Reinhard","2378","61","Directed","Richard Beer-Hofmann–Marie Reinhard","4"
"Richard Beer-Hofmann","10863","Elisabeth Steinrück","2315","59","Directed","Richard Beer-Hofmann–Elisabeth Steinrück","9"
"Richard Beer-Hofmann","10863","Gertrude von Hofmannsthal","2292","58","Directed","Richard Beer-Hofmann–Gertrude von Hofmannsthal","4"
"Richard Beer-Hofmann","10863","Jakob Wassermann","13055","57","Directed","Richard Beer-Hofmann–Jakob Wassermann","6"
"Richard Beer-Hofmann","10863","Max Eugen Burckhard","11036","57","Directed","Richard Beer-Hofmann–Max Eugen Burckhard","12"
"Richard Beer-Hofmann","10863","Julius Schnitzler","12698","56","Directed","Richard Beer-Hofmann–Julius Schnitzler","9"
"Richard Beer-Hofmann","10863","Lili Cappellini","2238","54","Directed","Richard Beer-Hofmann–Lili Cappellini","6"
"Richard Beer-Hofmann","10863","Theodor Herzl","11673","51","Directed","Richard Beer-Hofmann–Theodor Herzl","3"
"Richard Beer-Hofmann","10863","Alfred Kerr","11910","50","Directed","Richard Beer-Hofmann–Alfred Kerr","11"
"Richard Beer-Hofmann","10863","Johann Wolfgang von Goethe","11461","49","Directed","Richard Beer-Hofmann–Johann Wolfgang von Goethe","2"
"Richard Beer-Hofmann","10863","Paul Schlenther","12671","46","Directed","Richard Beer-Hofmann–Paul Schlenther","8"
"Richard Beer-Hofmann","10863","Georg Hirschfeld","11701","44","Directed","Richard Beer-Hofmann–Georg Hirschfeld","12"
"Richard Beer-Hofmann","10863","Gerhart Hauptmann","11617","44","Directed","Richard Beer-Hofmann–Gerhart Hauptmann","2"
"Richard Beer-Hofmann","10863","Leo Van-Jung","26392","43","Directed","Richard Beer-Hofmann–Leo Van-Jung","18"
"Richard Beer-Hofmann","10863","Adele Sandrock","12618","42","Directed","Richard Beer-Hofmann–Adele Sandrock","10"
"Richard Beer-Hofmann","10863","Georg Brandes","10992","39","Directed","Richard Beer-Hofmann–Georg Brandes","8"
"Richard Beer-Hofmann","10863","Max Reinhardt","12504","38","Directed","Richard Beer-Hofmann–Max Reinhardt","14"
"Richard Beer-Hofmann","10863","Arthur Schnitzler","2121","37","Directed","Richard Beer-Hofmann–Arthur Schnitzler","5"
"Richard Beer-Hofmann","10863","Marie Glümer","14953","36","Directed","Richard Beer-Hofmann–Marie Glümer","1"
"Richard Beer-Hofmann","10863","Oskar Blumenthal","14328","36","Directed","Richard Beer-Hofmann–Oskar Blumenthal","4"
"Richard Beer-Hofmann","10863","Clementine Goldmann","17163","35","Directed","Richard Beer-Hofmann–Clementine Goldmann","1"
"Richard Beer-Hofmann","10863","Peter Altenberg","2147","35","Directed","Richard Beer-Hofmann–Peter Altenberg","4"
"Richard Beer-Hofmann","10863","Karl Kraus","11988","33","Directed","Richard Beer-Hofmann–Karl Kraus","8"
"Richard Beer-Hofmann","10863","Hugo August von Hofmannsthal","11737","33","Directed","Richard Beer-Hofmann–Hugo August von Hofmannsthal","1"
"Richard Beer-Hofmann","10863","Leopold von Andrian-Werburg","10765","32","Directed","Richard Beer-Hofmann–Leopold von Andrian-Werburg","8"
"Richard Beer-Hofmann","10863","Johann Schnitzler","12695","28","Directed","Richard Beer-Hofmann–Johann Schnitzler","7"
"Richard Beer-Hofmann","10863","Robert Hirschfeld","11707","28","Directed","Richard Beer-Hofmann–Robert Hirschfeld","5"
"Richard Beer-Hofmann","10863","Friedrich Michael Fels","2450","28","Directed","Richard Beer-Hofmann–Friedrich Michael Fels","12"
"Richard Beer-Hofmann","10863","Lou Andreas-Salomé","10762","27","Directed","Richard Beer-Hofmann–Lou Andreas-Salomé","9"
"Richard Beer-Hofmann","10863","Gisela Hajek","2461","26","Directed","Richard Beer-Hofmann–Gisela Hajek","3"
"Richard Beer-Hofmann","10863","Paul Marx","21647","24","Directed","Richard Beer-Hofmann–Paul Marx","1"
"Richard Beer-Hofmann","10863","Josef Kainz","11851","24","Directed","Richard Beer-Hofmann–Josef Kainz","4"
"Richard Beer-Hofmann","10863","Julius von Gans-Ludassy","11406","24","Directed","Richard Beer-Hofmann–Julius von Gans-Ludassy","3"
"Richard Beer-Hofmann","10863","Mirjam Beer-Hofmann","2668","24","Directed","Richard Beer-Hofmann–Mirjam Beer-Hofmann","14"
"Richard Beer-Hofmann","10863","William Shakespeare","2412","22","Directed","Richard Beer-Hofmann–William Shakespeare","1"
"Richard Beer-Hofmann","10863","Maximilian Harden","11581","21","Directed","Richard Beer-Hofmann–Maximilian Harden","1"
"Richard Beer-Hofmann","10863","Clara Katharina Pollaczek","12435","20","Directed","Richard Beer-Hofmann–Clara Katharina Pollaczek","1"
"Richard Beer-Hofmann","10863","Alfred von Berger","10883","20","Directed","Richard Beer-Hofmann–Alfred von Berger","3"
"Richard Beer-Hofmann","10863","Hermann Sudermann","12899","19","Directed","Richard Beer-Hofmann–Hermann Sudermann","4"
"Richard Beer-Hofmann","10863","Emanuel Reicher","12491","19","Directed","Richard Beer-Hofmann–Emanuel Reicher","2"
"Richard Beer-Hofmann","10863","Arthur Kaufmann","2496","19","Directed","Richard Beer-Hofmann–Arthur Kaufmann","14"
"Richard Beer-Hofmann","10863","Helene Schnitzler","24423","18","Directed","Richard Beer-Hofmann–Helene Schnitzler","4"
"Richard Beer-Hofmann","10863","Leo Ebermann","2157","18","Directed","Richard Beer-Hofmann–Leo Ebermann","4"
"Richard Beer-Hofmann","10863","Paul Horn","18523","17","Directed","Richard Beer-Hofmann–Paul Horn","11"
"Richard Beer-Hofmann","10863","Siegfried Trebitsch","12968","17","Directed","Richard Beer-Hofmann–Siegfried Trebitsch","3"
"Richard Beer-Hofmann","10863","Friedrich Mitterwurzer","12265","17","Directed","Richard Beer-Hofmann–Friedrich Mitterwurzer","3"
"Richard Beer-Hofmann","10863","Josef Jarno","2601","17","Directed","Richard Beer-Hofmann–Josef Jarno","10"
"Richard Beer-Hofmann","10863","Richard Specht","2456","16","Directed","Richard Beer-Hofmann–Richard Specht","3"
"Richard Beer-Hofmann","10863","Raoul Auernheimer","10788","15","Directed","Richard Beer-Hofmann–Raoul Auernheimer","1"
"Richard Beer-Hofmann","10863","Rudolf Lothar","2570","15","Directed","Richard Beer-Hofmann–Rudolf Lothar","2"
"Richard Beer-Hofmann","10863","Hermine von Schaffgotsch","24033","14","Directed","Richard Beer-Hofmann–Hermine von Schaffgotsch","3"
"Richard Beer-Hofmann","10863","Hermann Beer","13913","14","Directed","Richard Beer-Hofmann–Hermann Beer","12"
"Richard Beer-Hofmann","10863","Carl Karlweis","13082","14","Directed","Richard Beer-Hofmann–Carl Karlweis","1"
"Richard Beer-Hofmann","10863","Felix Dörmann","2425","14","Directed","Richard Beer-Hofmann–Felix Dörmann","5"
"Richard Beer-Hofmann","10863","Markus Hajek","2284","14","Directed","Richard Beer-Hofmann–Markus Hajek","4"
"Richard Beer-Hofmann","10863","Julius Bauer","2150","14","Directed","Richard Beer-Hofmann–Julius Bauer","4"
"Richard Beer-Hofmann","10863","?? [Schreibkraft für Arthur Schnitzler]","27711","13","Directed","Richard Beer-Hofmann–?? [Schreibkraft für Arthur Schnitzler]","8"
"Richard Beer-Hofmann","10863","Friedrich Kapper","19106","13","Directed","Richard Beer-Hofmann–Friedrich Kapper","2"
"Richard Beer-Hofmann","10863","Albert Steinrück","12837","13","Directed","Richard Beer-Hofmann–Albert Steinrück","3"
"Richard Beer-Hofmann","10863","Friedrich von Schiller","12654","13","Directed","Richard Beer-Hofmann–Friedrich von Schiller","1"
"Richard Beer-Hofmann","10863","Richard Rosenbaum","12556","13","Directed","Richard Beer-Hofmann–Richard Rosenbaum","5"
"Richard Beer-Hofmann","10863","Oskar Mayer","21236","12","Directed","Richard Beer-Hofmann–Oskar Mayer","9"
"Richard Beer-Hofmann","10863","Ludwig Speidel","12816","12","Directed","Richard Beer-Hofmann–Ludwig Speidel","2"
"Oskar Blumenthal","14328","Emanuel Reicher","12491","19","Directed","Oskar Blumenthal–Emanuel Reicher","2"
"Oskar Blumenthal","14328","Friedrich Mitterwurzer","12265","17","Directed","Oskar Blumenthal–Friedrich Mitterwurzer","2"
"Georg Brandes","10992","Olga Schnitzler","2173","555","Directed","Georg Brandes–Olga Schnitzler","21"
"Georg Brandes","10992","Richard Beer-Hofmann","10863","397","Directed","Georg Brandes–Richard Beer-Hofmann","28"
"Georg Brandes","10992","Hugo von Hofmannsthal","11740","300","Directed","Georg Brandes–Hugo von Hofmannsthal","5"
"Georg Brandes","10992","Hermann Bahr","10815","223","Directed","Georg Brandes–Hermann Bahr","1"
"Georg Brandes","10992","Paul Goldmann","11485","165","Directed","Georg Brandes–Paul Goldmann","10"
"Georg Brandes","10992","Felix Salten","2167","140","Directed","Georg Brandes–Felix Salten","2"
"Georg Brandes","10992","Heinrich Schnitzler","12692","133","Directed","Georg Brandes–Heinrich Schnitzler","11"
"Georg Brandes","10992","Otto Brahm","10986","132","Directed","Georg Brandes–Otto Brahm","2"
"Georg Brandes","10992","Paula Beer-Hofmann","10860","121","Directed","Georg Brandes–Paula Beer-Hofmann","3"
"Georg Brandes","10992","Louise Schnitzler","12701","106","Directed","Georg Brandes–Louise Schnitzler","6"
"Georg Brandes","10992","Marie Reinhard","2378","61","Directed","Georg Brandes–Marie Reinhard","1"
"Georg Brandes","10992","Elisabeth Steinrück","2315","59","Directed","Georg Brandes–Elisabeth Steinrück","1"
"Georg Brandes","10992","Jakob Wassermann","13055","57","Directed","Georg Brandes–Jakob Wassermann","5"
"Georg Brandes","10992","Lili Cappellini","2238","54","Directed","Georg Brandes–Lili Cappellini","7"
"Georg Brandes","10992","Johann Wolfgang von Goethe","11461","49","Directed","Georg Brandes–Johann Wolfgang von Goethe","12"
"Georg Brandes","10992","Paul Schlenther","12671","46","Directed","Georg Brandes–Paul Schlenther","1"
"Georg Brandes","10992","Georg Hirschfeld","11701","44","Directed","Georg Brandes–Georg Hirschfeld","1"
"Georg Brandes","10992","Peter Altenberg","2147","35","Directed","Georg Brandes–Peter Altenberg","1"
"Georg Brandes","10992","Johann Schnitzler","12695","28","Directed","Georg Brandes–Johann Schnitzler","1"
"Georg Brandes","10992","Gisela Hajek","2461","26","Directed","Georg Brandes–Gisela Hajek","1"
"Georg Brandes","10992","Mirjam Beer-Hofmann","2668","24","Directed","Georg Brandes–Mirjam Beer-Hofmann","3"
"Georg Brandes","10992","André Antoine","2211","24","Directed","Georg Brandes–André Antoine","3"
"Georg Brandes","10992","William Shakespeare","2412","22","Directed","Georg Brandes–William Shakespeare","7"
"Georg Brandes","10992","Romain Rolland","12543","21","Directed","Georg Brandes–Romain Rolland","1"
"Georg Brandes","10992","Alfred von Berger","10883","20","Directed","Georg Brandes–Alfred von Berger","1"
"Georg Brandes","10992","Emanuel Reicher","12491","19","Directed","Georg Brandes–Emanuel Reicher","1"
"Georg Brandes","10992","Peter Nansen","2357","19","Directed","Georg Brandes–Peter Nansen","8"
"Georg Brandes","10992","Josef Jarno","2601","17","Directed","Georg Brandes–Josef Jarno","1"
"Georg Brandes","10992","Ludwig Fulda","11391","15","Directed","Georg Brandes–Ludwig Fulda","2"
"Georg Brandes","10992","Markus Hajek","2284","14","Directed","Georg Brandes–Markus Hajek","1"
"Georg Brandes","10992","Friedrich von Schiller","12654","13","Directed","Georg Brandes–Friedrich von Schiller","1"
"Felix Braun","11002","Olga Schnitzler","2173","555","Directed","Felix Braun–Olga Schnitzler","1"
"Felix Braun","11002","Johann Wolfgang von Goethe","11461","49","Directed","Felix Braun–Johann Wolfgang von Goethe","1"
"Felix Braun","11002","Paul Géraldy","3138","13","Directed","Felix Braun–Paul Géraldy","1"
"Max Eugen Burckhard","11036","Olga Schnitzler","2173","555","Directed","Max Eugen Burckhard–Olga Schnitzler","11"
"Max Eugen Burckhard","11036","Heinrich Schnitzler","12692","133","Directed","Max Eugen Burckhard–Heinrich Schnitzler","2"
"Max Eugen Burckhard","11036","Otto Brahm","10986","132","Directed","Max Eugen Burckhard–Otto Brahm","1"
"Max Eugen Burckhard","11036","Louise Schnitzler","12701","106","Directed","Max Eugen Burckhard–Louise Schnitzler","1"
"Max Eugen Burckhard","11036","Gerhart Hauptmann","11617","44","Directed","Max Eugen Burckhard–Gerhart Hauptmann","1"
"Wilhelm Bölsche","11061","Otto Brahm","10986","132","Directed","Wilhelm Bölsche–Otto Brahm","2"
"Wilhelm Bölsche","11061","Samuel Fischer","11324","67","Directed","Wilhelm Bölsche–Samuel Fischer","1"
"Jakob Julius David","2416","Gilbert Otto Neumann-Hofer","12348","13","Directed","Jakob Julius David–Gilbert Otto Neumann-Hofer","1"
"Richard Dehmel","11148","Olga Schnitzler","2173","555","Directed","Richard Dehmel–Olga Schnitzler","2"
"Richard Dehmel","11148","Samuel Fischer","11324","67","Directed","Richard Dehmel–Samuel Fischer","1"
"Richard Dehmel","11148","Jakob Wassermann","13055","57","Directed","Richard Dehmel–Jakob Wassermann","1"
"Richard Dehmel","11148","Paul Schlenther","12671","46","Directed","Richard Dehmel–Paul Schlenther","1"
"Albert Ehrenstein","11230","Olga Schnitzler","2173","555","Directed","Albert Ehrenstein–Olga Schnitzler","2"
"Albert Ehrenstein","11230","Hugo von Hofmannsthal","11740","300","Directed","Albert Ehrenstein–Hugo von Hofmannsthal","1"
"Albert Ehrenstein","11230","Samuel Fischer","11324","67","Directed","Albert Ehrenstein–Samuel Fischer","3"
"Albert Ehrenstein","11230","Johann Wolfgang von Goethe","11461","49","Directed","Albert Ehrenstein–Johann Wolfgang von Goethe","1"
"Albert Ehrenstein","11230","Peter Altenberg","2147","35","Directed","Albert Ehrenstein–Peter Altenberg","1"
"Albert Ehrenstein","11230","Karl Kraus","11988","33","Directed","Albert Ehrenstein–Karl Kraus","4"
"Albert Ehrenstein","11230","William Shakespeare","2412","22","Directed","Albert Ehrenstein–William Shakespeare","1"
"Albert Ehrenstein","11230","Raoul Auernheimer","10788","15","Directed","Albert Ehrenstein–Raoul Auernheimer","7"
"Albert Ehrenstein","11230","Friedrich von Schiller","12654","13","Directed","Albert Ehrenstein–Friedrich von Schiller","1"
"Friedrich M. Fels","2450","Richard Beer-Hofmann","10863","397","Directed","Friedrich M. Fels–Richard Beer-Hofmann","10"
"Friedrich M. Fels","2450","Hugo von Hofmannsthal","11740","300","Directed","Friedrich M. Fels–Hugo von Hofmannsthal","7"
"Friedrich M. Fels","2450","Hermann Bahr","10815","223","Directed","Friedrich M. Fels–Hermann Bahr","2"
"Friedrich M. Fels","2450","Felix Salten","2167","140","Directed","Friedrich M. Fels–Felix Salten","3"
"Friedrich M. Fels","2450","Peter Altenberg","2147","35","Directed","Friedrich M. Fels–Peter Altenberg","1"
"Friedrich M. Fels","2450","Karl Kraus","11988","33","Directed","Friedrich M. Fels–Karl Kraus","1"
"Friedrich M. Fels","2450","Robert Hirschfeld","11707","28","Directed","Friedrich M. Fels–Robert Hirschfeld","3"
"Friedrich M. Fels","2450","Julius von Gans-Ludassy","11406","24","Directed","Friedrich M. Fels–Julius von Gans-Ludassy","3"
"Friedrich M. Fels","2450","Gilbert Otto Neumann-Hofer","12348","13","Directed","Friedrich M. Fels–Gilbert Otto Neumann-Hofer","1"
"Friedrich M. Fels","2450","Ludwig Speidel","12816","12","Directed","Friedrich M. Fels–Ludwig Speidel","1"
"Stefan Grossmann","11527","Felix Salten","2167","140","Directed","Stefan Grossmann–Felix Salten","1"
"Stefan Grossmann","11527","Otto Brahm","10986","132","Directed","Stefan Grossmann–Otto Brahm","1"
"Stefan Grossmann","11527","Samuel Fischer","11324","67","Directed","Stefan Grossmann–Samuel Fischer","2"
"Stefan Grossmann","11527","Karl Kraus","11988","33","Directed","Stefan Grossmann–Karl Kraus","1"
"Stefan Grossmann","11527","Robert Hirschfeld","11707","28","Directed","Stefan Grossmann–Robert Hirschfeld","1"
"Stefan Grossmann","11527","Maximilian Harden","11581","21","Directed","Stefan Grossmann–Maximilian Harden","2"
"Stefan Grossmann","11527","Albert Steinrück","12837","13","Directed","Stefan Grossmann–Albert Steinrück","1"
"Gerhart Hauptmann","11617","Hugo von Hofmannsthal","11740","300","Directed","Gerhart Hauptmann–Hugo von Hofmannsthal","2"
"Gerhart Hauptmann","11617","Hermann Bahr","10815","223","Directed","Gerhart Hauptmann–Hermann Bahr","1"
"Gerhart Hauptmann","11617","Otto Brahm","10986","132","Directed","Gerhart Hauptmann–Otto Brahm","3"
"Gerhart Hauptmann","11617","Samuel Fischer","11324","67","Directed","Gerhart Hauptmann–Samuel Fischer","1"
"Gerhart Hauptmann","11617","Isidor Singer","12790","66","Directed","Gerhart Hauptmann–Isidor Singer","2"
"Gerhart Hauptmann","11617","Max Eugen Burckhard","11036","57","Directed","Gerhart Hauptmann–Max Eugen Burckhard","1"
"Hugo von Hofmannsthal","11740","Olga Schnitzler","2173","555","Directed","Hugo von Hofmannsthal–Olga Schnitzler","58"
"Hugo von Hofmannsthal","11740","Richard Beer-Hofmann","10863","397","Directed","Hugo von Hofmannsthal–Richard Beer-Hofmann","127"
"Hugo von Hofmannsthal","11740","Hermann Bahr","10815","223","Directed","Hugo von Hofmannsthal–Hermann Bahr","49"
"Hugo von Hofmannsthal","11740","Paul Goldmann","11485","165","Directed","Hugo von Hofmannsthal–Paul Goldmann","32"
"Hugo von Hofmannsthal","11740","Felix Salten","2167","140","Directed","Hugo von Hofmannsthal–Felix Salten","36"
"Hugo von Hofmannsthal","11740","Heinrich Schnitzler","12692","133","Directed","Hugo von Hofmannsthal–Heinrich Schnitzler","17"
"Hugo von Hofmannsthal","11740","Otto Brahm","10986","132","Directed","Hugo von Hofmannsthal–Otto Brahm","34"
"Hugo von Hofmannsthal","11740","Paula Beer-Hofmann","10860","121","Directed","Hugo von Hofmannsthal–Paula Beer-Hofmann","5"
"Hugo von Hofmannsthal","11740","Louise Schnitzler","12701","106","Directed","Hugo von Hofmannsthal–Louise Schnitzler","10"
"Hugo von Hofmannsthal","11740","Gustav Schwarzkopf","12740","93","Directed","Hugo von Hofmannsthal–Gustav Schwarzkopf","23"
"Hugo von Hofmannsthal","11740","Ottilie Salten","23918","88","Directed","Hugo von Hofmannsthal–Ottilie Salten","1"
"Hugo von Hofmannsthal","11740","Fedor Mamroth","4986","77","Directed","Hugo von Hofmannsthal–Fedor Mamroth","2"
"Hugo von Hofmannsthal","11740","Heinrich Kanner","11867","75","Directed","Hugo von Hofmannsthal–Heinrich Kanner","2"
"Hugo von Hofmannsthal","11740","Samuel Fischer","11324","67","Directed","Hugo von Hofmannsthal–Samuel Fischer","11"
"Hugo von Hofmannsthal","11740","Isidor Singer","12790","66","Directed","Hugo von Hofmannsthal–Isidor Singer","2"
"Hugo von Hofmannsthal","11740","Max Schwarzkopf","24648","61","Directed","Hugo von Hofmannsthal–Max Schwarzkopf","1"
"Hugo von Hofmannsthal","11740","Marie Reinhard","2378","61","Directed","Hugo von Hofmannsthal–Marie Reinhard","10"
"Hugo von Hofmannsthal","11740","Elisabeth Steinrück","2315","59","Directed","Hugo von Hofmannsthal–Elisabeth Steinrück","7"
"Hugo von Hofmannsthal","11740","Gertrude von Hofmannsthal","2292","58","Directed","Hugo von Hofmannsthal–Gertrude von Hofmannsthal","50"
"Hugo von Hofmannsthal","11740","Jakob Wassermann","13055","57","Directed","Hugo von Hofmannsthal–Jakob Wassermann","15"
"Hugo von Hofmannsthal","11740","Max Eugen Burckhard","11036","57","Directed","Hugo von Hofmannsthal–Max Eugen Burckhard","6"
"Hugo von Hofmannsthal","11740","Julius Schnitzler","12698","56","Directed","Hugo von Hofmannsthal–Julius Schnitzler","8"
"Hugo von Hofmannsthal","11740","Lili Cappellini","2238","54","Directed","Hugo von Hofmannsthal–Lili Cappellini","11"
"Hugo von Hofmannsthal","11740","Theodor Herzl","11673","51","Directed","Hugo von Hofmannsthal–Theodor Herzl","3"
"Hugo von Hofmannsthal","11740","Alfred Kerr","11910","50","Directed","Hugo von Hofmannsthal–Alfred Kerr","2"
"Hugo von Hofmannsthal","11740","Johann Wolfgang von Goethe","11461","49","Directed","Hugo von Hofmannsthal–Johann Wolfgang von Goethe","13"
"Hugo von Hofmannsthal","11740","Paul Schlenther","12671","46","Directed","Hugo von Hofmannsthal–Paul Schlenther","7"
"Hugo von Hofmannsthal","11740","Georg Hirschfeld","11701","44","Directed","Hugo von Hofmannsthal–Georg Hirschfeld","11"
"Hugo von Hofmannsthal","11740","Gerhart Hauptmann","11617","44","Directed","Hugo von Hofmannsthal–Gerhart Hauptmann","9"
"Hugo von Hofmannsthal","11740","Adele Sandrock","12618","42","Directed","Hugo von Hofmannsthal–Adele Sandrock","3"
"Hugo von Hofmannsthal","11740","Georg Brandes","10992","39","Directed","Hugo von Hofmannsthal–Georg Brandes","5"
"Hugo von Hofmannsthal","11740","Max Reinhardt","12504","38","Directed","Hugo von Hofmannsthal–Max Reinhardt","6"
"Hugo von Hofmannsthal","11740","Arthur Schnitzler","2121","37","Directed","Hugo von Hofmannsthal–Arthur Schnitzler","7"
"Hugo von Hofmannsthal","11740","Marie Glümer","14953","36","Directed","Hugo von Hofmannsthal–Marie Glümer","2"
"Hugo von Hofmannsthal","11740","Oskar Blumenthal","14328","36","Directed","Hugo von Hofmannsthal–Oskar Blumenthal","2"
"Hugo von Hofmannsthal","11740","Peter Altenberg","2147","35","Directed","Hugo von Hofmannsthal–Peter Altenberg","3"
"Hugo von Hofmannsthal","11740","Karl Kraus","11988","33","Directed","Hugo von Hofmannsthal–Karl Kraus","4"
"Hugo von Hofmannsthal","11740","Hugo August von Hofmannsthal","11737","33","Directed","Hugo von Hofmannsthal–Hugo August von Hofmannsthal","30"
"Hugo von Hofmannsthal","11740","Leopold von Andrian-Werburg","10765","32","Directed","Hugo von Hofmannsthal–Leopold von Andrian-Werburg","18"
"Hugo von Hofmannsthal","11740","Johann Schnitzler","12695","28","Directed","Hugo von Hofmannsthal–Johann Schnitzler","3"
"Hugo von Hofmannsthal","11740","Robert Hirschfeld","11707","28","Directed","Hugo von Hofmannsthal–Robert Hirschfeld","2"
"Hugo von Hofmannsthal","11740","Friedrich Michael Fels","2450","28","Directed","Hugo von Hofmannsthal–Friedrich Michael Fels","13"
"Hugo von Hofmannsthal","11740","Lou Andreas-Salomé","10762","27","Directed","Hugo von Hofmannsthal–Lou Andreas-Salomé","3"
"Hugo von Hofmannsthal","11740","Gisela Hajek","2461","26","Directed","Hugo von Hofmannsthal–Gisela Hajek","5"
"Hugo von Hofmannsthal","11740","Friedrich Schik","2420","25","Directed","Hugo von Hofmannsthal–Friedrich Schik","1"
"Hugo von Hofmannsthal","11740","Josef Kainz","11851","24","Directed","Hugo von Hofmannsthal–Josef Kainz","9"
"Hugo von Hofmannsthal","11740","Julius von Gans-Ludassy","11406","24","Directed","Hugo von Hofmannsthal–Julius von Gans-Ludassy","1"
"Hugo von Hofmannsthal","11740","Mirjam Beer-Hofmann","2668","24","Directed","Hugo von Hofmannsthal–Mirjam Beer-Hofmann","1"
"Hugo von Hofmannsthal","11740","André Antoine","2211","24","Directed","Hugo von Hofmannsthal–André Antoine","2"
"Hugo von Hofmannsthal","11740","William Shakespeare","2412","22","Directed","Hugo von Hofmannsthal–William Shakespeare","5"
"Hugo von Hofmannsthal","11740","Maximilian Harden","11581","21","Directed","Hugo von Hofmannsthal–Maximilian Harden","4"
"Hugo von Hofmannsthal","11740","Clara Katharina Pollaczek","12435","20","Directed","Hugo von Hofmannsthal–Clara Katharina Pollaczek","4"
"Hugo von Hofmannsthal","11740","Alfred von Berger","10883","20","Directed","Hugo von Hofmannsthal–Alfred von Berger","3"
"Hugo von Hofmannsthal","11740","Emanuel Reicher","12491","19","Directed","Hugo von Hofmannsthal–Emanuel Reicher","3"
"Hugo von Hofmannsthal","11740","Arthur Kaufmann","2496","19","Directed","Hugo von Hofmannsthal–Arthur Kaufmann","1"
"Hugo von Hofmannsthal","11740","Peter Nansen","2357","19","Directed","Hugo von Hofmannsthal–Peter Nansen","1"
"Hugo von Hofmannsthal","11740","Helene Schnitzler","24423","18","Directed","Hugo von Hofmannsthal–Helene Schnitzler","1"
"Hugo von Hofmannsthal","11740","Paul Horn","18523","17","Directed","Hugo von Hofmannsthal–Paul Horn","2"
"Hugo von Hofmannsthal","11740","Siegfried Trebitsch","12968","17","Directed","Hugo von Hofmannsthal–Siegfried Trebitsch","1"
"Hugo von Hofmannsthal","11740","Friedrich Mitterwurzer","12265","17","Directed","Hugo von Hofmannsthal–Friedrich Mitterwurzer","2"
"Hugo von Hofmannsthal","11740","Josef Jarno","2601","17","Directed","Hugo von Hofmannsthal–Josef Jarno","1"
"Hugo von Hofmannsthal","11740","Irene Triesch","12977","16","Directed","Hugo von Hofmannsthal–Irene Triesch","1"
"Hugo von Hofmannsthal","11740","Ludwig Fulda","11391","15","Directed","Hugo von Hofmannsthal–Ludwig Fulda","3"
"Hugo von Hofmannsthal","11740","Raoul Auernheimer","10788","15","Directed","Hugo von Hofmannsthal–Raoul Auernheimer","2"
"Hugo von Hofmannsthal","11740","Rudolf Lothar","2570","15","Directed","Hugo von Hofmannsthal–Rudolf Lothar","1"
"Hugo von Hofmannsthal","11740","Hermine von Schaffgotsch","24033","14","Directed","Hugo von Hofmannsthal–Hermine von Schaffgotsch","9"
"Hugo von Hofmannsthal","11740","Hermann Beer","13913","14","Directed","Hugo von Hofmannsthal–Hermann Beer","1"
"Hugo von Hofmannsthal","11740","Carl Karlweis","13082","14","Directed","Hugo von Hofmannsthal–Carl Karlweis","2"
"Hugo von Hofmannsthal","11740","Henri Albert","2801","14","Directed","Hugo von Hofmannsthal–Henri Albert","1"
"Hugo von Hofmannsthal","11740","Felix Dörmann","2425","14","Directed","Hugo von Hofmannsthal–Felix Dörmann","1"
"Hugo von Hofmannsthal","11740","Albert Steinrück","12837","13","Directed","Hugo von Hofmannsthal–Albert Steinrück","3"
"Hugo von Hofmannsthal","11740","Friedrich von Schiller","12654","13","Directed","Hugo von Hofmannsthal–Friedrich von Schiller","4"
"Hugo von Hofmannsthal","11740","Richard Rosenbaum","12556","13","Directed","Hugo von Hofmannsthal–Richard Rosenbaum","2"
"Hugo von Hofmannsthal","11740","Oskar Mayer","21236","12","Directed","Hugo von Hofmannsthal–Oskar Mayer","1"
"Arno Holz","11763","Hermann Bahr","10815","223","Directed","Arno Holz–Hermann Bahr","1"
"Arno Holz","11763","Georg Brandes","10992","39","Directed","Arno Holz–Georg Brandes","1"
"Arno Holz","11763","Maximilian Harden","11581","21","Directed","Arno Holz–Maximilian Harden","1"
"Arno Holz","11763","Hermann Sudermann","12899","19","Directed","Arno Holz–Hermann Sudermann","1"
"Arno Holz","11763","Ludwig Fulda","11391","15","Directed","Arno Holz–Ludwig Fulda","1"
"Eduard Michael Kafka","2563","Hugo von Hofmannsthal","11740","300","Directed","Eduard Michael Kafka–Hugo von Hofmannsthal","1"
"Eduard Michael Kafka","2563","Hermann Bahr","10815","223","Directed","Eduard Michael Kafka–Hermann Bahr","1"
"Eduard Michael Kafka","2563","Paul Goldmann","11485","165","Directed","Eduard Michael Kafka–Paul Goldmann","1"
"Eduard Michael Kafka","2563","Julius Schnitzler","12698","56","Directed","Eduard Michael Kafka–Julius Schnitzler","1"
"Eduard Michael Kafka","2563","Oskar Blumenthal","14328","36","Directed","Eduard Michael Kafka–Oskar Blumenthal","2"
"Eduard Michael Kafka","2563","Friedrich Michael Fels","2450","28","Directed","Eduard Michael Kafka–Friedrich Michael Fels","2"
"Eduard Michael Kafka","2563","Hermann Sudermann","12899","19","Directed","Eduard Michael Kafka–Hermann Sudermann","1"
"Eduard Michael Kafka","2563","Emanuel Reicher","12491","19","Directed","Eduard Michael Kafka–Emanuel Reicher","3"
"Eduard Michael Kafka","2563","Josef Jarno","2601","17","Directed","Eduard Michael Kafka–Josef Jarno","2"
"Eduard Michael Kafka","2563","Gilbert Otto Neumann-Hofer","12348","13","Directed","Eduard Michael Kafka–Gilbert Otto Neumann-Hofer","2"
"Karl Kraus","11988","Richard Beer-Hofmann","10863","397","Directed","Karl Kraus–Richard Beer-Hofmann","5"
"Karl Kraus","11988","Hugo von Hofmannsthal","11740","300","Directed","Karl Kraus–Hugo von Hofmannsthal","4"
"Karl Kraus","11988","Hermann Bahr","10815","223","Directed","Karl Kraus–Hermann Bahr","3"
"Karl Kraus","11988","Felix Salten","2167","140","Directed","Karl Kraus–Felix Salten","3"
"Karl Kraus","11988","Samuel Fischer","11324","67","Directed","Karl Kraus–Samuel Fischer","1"
"Karl Kraus","11988","Gerhart Hauptmann","11617","44","Directed","Karl Kraus–Gerhart Hauptmann","1"
"Karl Kraus","11988","Johann Schnitzler","12695","28","Directed","Karl Kraus–Johann Schnitzler","2"
"Karl Kraus","11988","Friedrich Schik","2420","25","Directed","Karl Kraus–Friedrich Schik","1"
"Karl Kraus","11988","Josef Jarno","2601","17","Directed","Karl Kraus–Josef Jarno","1"
"Karl Kraus","11988","Richard Specht","2456","16","Directed","Karl Kraus–Richard Specht","3"
"Karl Kraus","11988","Felix Dörmann","2425","14","Directed","Karl Kraus–Felix Dörmann","3"
"Karl Kraus","11988","Julius Bauer","2150","14","Directed","Karl Kraus–Julius Bauer","1"
"Karl Kraus","11988","Gilbert Otto Neumann-Hofer","12348","13","Directed","Karl Kraus–Gilbert Otto Neumann-Hofer","3"
"Fedor Mamroth","4986","Paul Goldmann","11485","165","Directed","Fedor Mamroth–Paul Goldmann","1"
"Fedor Mamroth","4986","Otto Brahm","10986","132","Directed","Fedor Mamroth–Otto Brahm","1"
"Fedor Mamroth","4986","Samuel Fischer","11324","67","Directed","Fedor Mamroth–Samuel Fischer","1"
"Fedor Mamroth","4986","Rudolf Lothar","2570","15","Directed","Fedor Mamroth–Rudolf Lothar","1"
"Thomas Mann","12176","Olga Schnitzler","2173","555","Directed","Thomas Mann–Olga Schnitzler","3"
"Thomas Mann","12176","Felix Salten","2167","140","Directed","Thomas Mann–Felix Salten","1"
"Thomas Mann","12176","Heinrich Schnitzler","12692","133","Directed","Thomas Mann–Heinrich Schnitzler","1"
"Thomas Mann","12176","Louise Schnitzler","12701","106","Directed","Thomas Mann–Louise Schnitzler","1"
"Thomas Mann","12176","Samuel Fischer","11324","67","Directed","Thomas Mann–Samuel Fischer","1"
"Thomas Mann","12176","Jakob Wassermann","13055","57","Directed","Thomas Mann–Jakob Wassermann","1"
"Thomas Mann","12176","Lili Cappellini","2238","54","Directed","Thomas Mann–Lili Cappellini","1"
"Thomas Mann","12176","Alfred Kerr","11910","50","Directed","Thomas Mann–Alfred Kerr","1"
"Thomas Mann","12176","Albert Steinrück","12837","13","Directed","Thomas Mann–Albert Steinrück","1"
"Laura Marholm","12183","Johann Schnitzler","12695","28","Directed","Laura Marholm–Johann Schnitzler","1"
"Max Mell","12225","Olga Schnitzler","2173","555","Directed","Max Mell–Olga Schnitzler","6"
"Max Mell","12225","Paul Schlenther","12671","46","Directed","Max Mell–Paul Schlenther","1"
"Max Mell","12225","Josef Kainz","11851","24","Directed","Max Mell–Josef Kainz","1"
"Frank Wedekind","13068","Olga Schnitzler","2173","555","Directed","Frank Wedekind–Olga Schnitzler","2"
"Frank Wedekind","13068","Hugo von Hofmannsthal","11740","300","Directed","Frank Wedekind–Hugo von Hofmannsthal","1"
"Frank Wedekind","13068","Hermann Bahr","10815","223","Directed","Frank Wedekind–Hermann Bahr","1"
"Frank Wedekind","13068","Heinrich Schnitzler","12692","133","Directed","Frank Wedekind–Heinrich Schnitzler","2"
"Frank Wedekind","13068","Gerhart Hauptmann","11617","44","Directed","Frank Wedekind–Gerhart Hauptmann","1"
"Bertha Suttner","12906","Olga Schnitzler","2173","555","Directed","Bertha Suttner–Olga Schnitzler","6"
"Bertha Suttner","12906","Johann Schnitzler","12695","28","Directed","Bertha Suttner–Johann Schnitzler","2"
"Paul Goldmann","11485","Olga Schnitzler","2173","555","Directed","Paul Goldmann–Olga Schnitzler","107"
"Paul Goldmann","11485","Richard Beer-Hofmann","10863","397","Directed","Paul Goldmann–Richard Beer-Hofmann","131"
"Paul Goldmann","11485","Hugo von Hofmannsthal","11740","300","Directed","Paul Goldmann–Hugo von Hofmannsthal","54"
"Paul Goldmann","11485","Hermann Bahr","10815","223","Directed","Paul Goldmann–Hermann Bahr","54"
"Paul Goldmann","11485","Felix Salten","2167","140","Directed","Paul Goldmann–Felix Salten","18"
"Paul Goldmann","11485","Leopold Sonnemann","87771","138","Directed","Paul Goldmann–Leopold Sonnemann","138"
"Paul Goldmann","11485","Heinrich Schnitzler","12692","133","Directed","Paul Goldmann–Heinrich Schnitzler","24"
"Paul Goldmann","11485","Otto Brahm","10986","132","Directed","Paul Goldmann–Otto Brahm","20"
"Paul Goldmann","11485","Paula Beer-Hofmann","10860","121","Directed","Paul Goldmann–Paula Beer-Hofmann","4"
"Paul Goldmann","11485","Louise Schnitzler","12701","106","Directed","Paul Goldmann–Louise Schnitzler","28"
"Paul Goldmann","11485","Gustav Schwarzkopf","12740","93","Directed","Paul Goldmann–Gustav Schwarzkopf","9"
"Paul Goldmann","11485","Fedor Mamroth","4986","77","Directed","Paul Goldmann–Fedor Mamroth","70"
"Paul Goldmann","11485","Heinrich Kanner","11867","75","Directed","Paul Goldmann–Heinrich Kanner","16"
"Paul Goldmann","11485","Samuel Fischer","11324","67","Directed","Paul Goldmann–Samuel Fischer","5"
"Paul Goldmann","11485","Isidor Singer","12790","66","Directed","Paul Goldmann–Isidor Singer","3"
"Paul Goldmann","11485","Marie Reinhard","2378","61","Directed","Paul Goldmann–Marie Reinhard","42"
"Paul Goldmann","11485","Elisabeth Steinrück","2315","59","Directed","Paul Goldmann–Elisabeth Steinrück","20"
"Paul Goldmann","11485","Jakob Wassermann","13055","57","Directed","Paul Goldmann–Jakob Wassermann","8"
"Paul Goldmann","11485","Max Eugen Burckhard","11036","57","Directed","Paul Goldmann–Max Eugen Burckhard","19"
"Paul Goldmann","11485","Julius Schnitzler","12698","56","Directed","Paul Goldmann–Julius Schnitzler","18"
"Paul Goldmann","11485","Theodor Herzl","11673","51","Directed","Paul Goldmann–Theodor Herzl","38"
"Paul Goldmann","11485","Alfred Kerr","11910","50","Directed","Paul Goldmann–Alfred Kerr","28"
"Paul Goldmann","11485","Johann Wolfgang von Goethe","11461","49","Directed","Paul Goldmann–Johann Wolfgang von Goethe","12"
"Paul Goldmann","11485","Paul Schlenther","12671","46","Directed","Paul Goldmann–Paul Schlenther","15"
"Paul Goldmann","11485","Georg Hirschfeld","11701","44","Directed","Paul Goldmann–Georg Hirschfeld","5"
"Paul Goldmann","11485","Gerhart Hauptmann","11617","44","Directed","Paul Goldmann–Gerhart Hauptmann","18"
"Paul Goldmann","11485","Leo Van-Jung","26392","43","Directed","Paul Goldmann–Leo Van-Jung","17"
"Paul Goldmann","11485","Adele Sandrock","12618","42","Directed","Paul Goldmann–Adele Sandrock","12"
"Paul Goldmann","11485","Georg Brandes","10992","39","Directed","Paul Goldmann–Georg Brandes","9"
"Paul Goldmann","11485","Arthur Schnitzler","2121","37","Directed","Paul Goldmann–Arthur Schnitzler","12"
"Paul Goldmann","11485","Marie Glümer","14953","36","Directed","Paul Goldmann–Marie Glümer","27"
"Paul Goldmann","11485","Oskar Blumenthal","14328","36","Directed","Paul Goldmann–Oskar Blumenthal","3"
"Paul Goldmann","11485","Clementine Goldmann","17163","35","Directed","Paul Goldmann–Clementine Goldmann","34"
"Paul Goldmann","11485","Peter Altenberg","2147","35","Directed","Paul Goldmann–Peter Altenberg","8"
"Paul Goldmann","11485","Karl Kraus","11988","33","Directed","Paul Goldmann–Karl Kraus","3"
"Paul Goldmann","11485","Leopold von Andrian-Werburg","10765","32","Directed","Paul Goldmann–Leopold von Andrian-Werburg","2"
"Paul Goldmann","11485","Johann Schnitzler","12695","28","Directed","Paul Goldmann–Johann Schnitzler","3"
"Paul Goldmann","11485","Robert Hirschfeld","11707","28","Directed","Paul Goldmann–Robert Hirschfeld","13"
"Paul Goldmann","11485","Friedrich Michael Fels","2450","28","Directed","Paul Goldmann–Friedrich Michael Fels","1"
"Paul Goldmann","11485","Lou Andreas-Salomé","10762","27","Directed","Paul Goldmann–Lou Andreas-Salomé","12"
"Paul Goldmann","11485","Gisela Hajek","2461","26","Directed","Paul Goldmann–Gisela Hajek","7"
"Paul Goldmann","11485","Theodore Rottenberg","23674","24","Directed","Paul Goldmann–Theodore Rottenberg","22"
"Paul Goldmann","11485","Paul Marx","21647","24","Directed","Paul Goldmann–Paul Marx","7"
"Paul Goldmann","11485","Josef Kainz","11851","24","Directed","Paul Goldmann–Josef Kainz","1"
"Paul Goldmann","11485","Julius von Gans-Ludassy","11406","24","Directed","Paul Goldmann–Julius von Gans-Ludassy","3"
"Paul Goldmann","11485","Mirjam Beer-Hofmann","2668","24","Directed","Paul Goldmann–Mirjam Beer-Hofmann","5"
"Paul Goldmann","11485","André Antoine","2211","24","Directed","Paul Goldmann–André Antoine","8"
"Paul Goldmann","11485","Jean Thorel","3966","23","Directed","Paul Goldmann–Jean Thorel","20"
"Paul Goldmann","11485","William Shakespeare","2412","22","Directed","Paul Goldmann–William Shakespeare","3"
"Paul Goldmann","11485","Josef Rosengart","23593","21","Directed","Paul Goldmann–Josef Rosengart","21"
"Paul Goldmann","11485","Maximilian Harden","11581","21","Directed","Paul Goldmann–Maximilian Harden","7"
"Paul Goldmann","11485","Alfred von Berger","10883","20","Directed","Paul Goldmann–Alfred von Berger","3"
"Paul Goldmann","11485","Hermann Sudermann","12899","19","Directed","Paul Goldmann–Hermann Sudermann","10"
"Paul Goldmann","11485","Peter Nansen","2357","19","Directed","Paul Goldmann–Peter Nansen","8"
"Paul Goldmann","11485","Helene Schnitzler","24423","18","Directed","Paul Goldmann–Helene Schnitzler","9"
"Paul Goldmann","11485","Leo Ebermann","2157","18","Directed","Paul Goldmann–Leo Ebermann","4"
"Paul Goldmann","11485","Siegfried Trebitsch","12968","17","Directed","Paul Goldmann–Siegfried Trebitsch","1"
"Paul Goldmann","11485","Friedrich Mitterwurzer","12265","17","Directed","Paul Goldmann–Friedrich Mitterwurzer","3"
"Paul Goldmann","11485","Irene Triesch","12977","16","Directed","Paul Goldmann–Irene Triesch","13"
"Paul Goldmann","11485","Adam Müller-Guttenbrunn","12331","16","Directed","Paul Goldmann–Adam Müller-Guttenbrunn","1"
"Paul Goldmann","11485","Alfred Dreyfus","4216","16","Directed","Paul Goldmann–Alfred Dreyfus","13"
"Paul Goldmann","11485","Richard Specht","2456","16","Directed","Paul Goldmann–Richard Specht","1"
"Paul Goldmann","11485","Eva Marie Goldmann","17164","15","Directed","Paul Goldmann–Eva Marie Goldmann","15"
"Paul Goldmann","11485","Ludwig Fulda","11391","15","Directed","Paul Goldmann–Ludwig Fulda","6"
"Paul Goldmann","11485","Raoul Auernheimer","10788","15","Directed","Paul Goldmann–Raoul Auernheimer","1"
"Paul Goldmann","11485","Rudolf Lothar","2570","15","Directed","Paul Goldmann–Rudolf Lothar","10"
"Paul Goldmann","11485","Hermine von Schaffgotsch","24033","14","Directed","Paul Goldmann–Hermine von Schaffgotsch","1"
"Paul Goldmann","11485","Carl Karlweis","13082","14","Directed","Paul Goldmann–Carl Karlweis","1"
"Paul Goldmann","11485","Henri Albert","2801","14","Directed","Paul Goldmann–Henri Albert","13"
"Paul Goldmann","11485","Felix Dörmann","2425","14","Directed","Paul Goldmann–Felix Dörmann","1"
"Paul Goldmann","11485","Markus Hajek","2284","14","Directed","Paul Goldmann–Markus Hajek","7"
"Paul Goldmann","11485","Julius Bauer","2150","14","Directed","Paul Goldmann–Julius Bauer","4"
"Paul Goldmann","11485","Friedrich Kapper","19106","13","Directed","Paul Goldmann–Friedrich Kapper","10"
"Paul Goldmann","11485","Friedrich von Schiller","12654","13","Directed","Paul Goldmann–Friedrich von Schiller","5"
"Paul Goldmann","11485","Gilbert Otto Neumann-Hofer","12348","13","Directed","Paul Goldmann–Gilbert Otto Neumann-Hofer","1"
"Paul Goldmann","11485","Ludwig Speidel","12816","12","Directed","Paul Goldmann–Ludwig Speidel","8"
"Alfred Polgar","2989","Julius von Gans-Ludassy","11406","24","Directed","Alfred Polgar–Julius von Gans-Ludassy","1"
"Felix Salten","2167","Olga Schnitzler","2173","555","Directed","Felix Salten–Olga Schnitzler","62"
"Felix Salten","2167","Richard Beer-Hofmann","10863","397","Directed","Felix Salten–Richard Beer-Hofmann","40"
"Felix Salten","2167","Hugo von Hofmannsthal","11740","300","Directed","Felix Salten–Hugo von Hofmannsthal","30"
"Felix Salten","2167","Hermann Bahr","10815","223","Directed","Felix Salten–Hermann Bahr","22"
"Felix Salten","2167","Paul Goldmann","11485","165","Directed","Felix Salten–Paul Goldmann","19"
"Felix Salten","2167","Heinrich Schnitzler","12692","133","Directed","Felix Salten–Heinrich Schnitzler","19"
"Felix Salten","2167","Otto Brahm","10986","132","Directed","Felix Salten–Otto Brahm","13"
"Felix Salten","2167","Paula Beer-Hofmann","10860","121","Directed","Felix Salten–Paula Beer-Hofmann","5"
"Felix Salten","2167","Louise Schnitzler","12701","106","Directed","Felix Salten–Louise Schnitzler","6"
"Felix Salten","2167","Gustav Schwarzkopf","12740","93","Directed","Felix Salten–Gustav Schwarzkopf","9"
"Felix Salten","2167","Ottilie Salten","23918","88","Directed","Felix Salten–Ottilie Salten","86"
"Felix Salten","2167","Heinrich Kanner","11867","75","Directed","Felix Salten–Heinrich Kanner","17"
"Felix Salten","2167","Samuel Fischer","11324","67","Directed","Felix Salten–Samuel Fischer","8"
"Felix Salten","2167","Isidor Singer","12790","66","Directed","Felix Salten–Isidor Singer","15"
"Felix Salten","2167","Marie Reinhard","2378","61","Directed","Felix Salten–Marie Reinhard","1"
"Felix Salten","2167","Elisabeth Steinrück","2315","59","Directed","Felix Salten–Elisabeth Steinrück","5"
"Felix Salten","2167","Jakob Wassermann","13055","57","Directed","Felix Salten–Jakob Wassermann","6"
"Felix Salten","2167","Max Eugen Burckhard","11036","57","Directed","Felix Salten–Max Eugen Burckhard","2"
"Felix Salten","2167","Julius Schnitzler","12698","56","Directed","Felix Salten–Julius Schnitzler","4"
"Felix Salten","2167","Lili Cappellini","2238","54","Directed","Felix Salten–Lili Cappellini","2"
"Felix Salten","2167","Theodor Herzl","11673","51","Directed","Felix Salten–Theodor Herzl","6"
"Felix Salten","2167","Alfred Kerr","11910","50","Directed","Felix Salten–Alfred Kerr","7"
"Felix Salten","2167","Johann Wolfgang von Goethe","11461","49","Directed","Felix Salten–Johann Wolfgang von Goethe","1"
"Felix Salten","2167","Paul Schlenther","12671","46","Directed","Felix Salten–Paul Schlenther","8"
"Felix Salten","2167","Georg Hirschfeld","11701","44","Directed","Felix Salten–Georg Hirschfeld","9"
"Felix Salten","2167","Gerhart Hauptmann","11617","44","Directed","Felix Salten–Gerhart Hauptmann","2"
"Felix Salten","2167","Leo Van-Jung","26392","43","Directed","Felix Salten–Leo Van-Jung","3"
"Felix Salten","2167","Adele Sandrock","12618","42","Directed","Felix Salten–Adele Sandrock","10"
"Felix Salten","2167","Georg Brandes","10992","39","Directed","Felix Salten–Georg Brandes","1"
"Felix Salten","2167","Max Reinhardt","12504","38","Directed","Felix Salten–Max Reinhardt","5"
"Felix Salten","2167","Arthur Schnitzler","2121","37","Directed","Felix Salten–Arthur Schnitzler","1"
"Felix Salten","2167","Marie Glümer","14953","36","Directed","Felix Salten–Marie Glümer","4"
"Felix Salten","2167","Oskar Blumenthal","14328","36","Directed","Felix Salten–Oskar Blumenthal","2"
"Felix Salten","2167","Peter Altenberg","2147","35","Directed","Felix Salten–Peter Altenberg","3"
"Felix Salten","2167","Karl Kraus","11988","33","Directed","Felix Salten–Karl Kraus","3"
"Felix Salten","2167","Anna Bahr-Mildenburg","10818","31","Directed","Felix Salten–Anna Bahr-Mildenburg","1"
"Felix Salten","2167","Robert Hirschfeld","11707","28","Directed","Felix Salten–Robert Hirschfeld","1"
"Felix Salten","2167","Lou Andreas-Salomé","10762","27","Directed","Felix Salten–Lou Andreas-Salomé","1"
"Felix Salten","2167","Gisela Hajek","2461","26","Directed","Felix Salten–Gisela Hajek","1"
"Felix Salten","2167","Theodore Rottenberg","23674","24","Directed","Felix Salten–Theodore Rottenberg","1"
"Felix Salten","2167","Paul Marx","21647","24","Directed","Felix Salten–Paul Marx","1"
"Felix Salten","2167","Josef Kainz","11851","24","Directed","Felix Salten–Josef Kainz","5"
"Felix Salten","2167","Julius von Gans-Ludassy","11406","24","Directed","Felix Salten–Julius von Gans-Ludassy","12"
"Felix Salten","2167","Mirjam Beer-Hofmann","2668","24","Directed","Felix Salten–Mirjam Beer-Hofmann","1"
"Felix Salten","2167","Maximilian Harden","11581","21","Directed","Felix Salten–Maximilian Harden","3"
"Felix Salten","2167","Clara Katharina Pollaczek","12435","20","Directed","Felix Salten–Clara Katharina Pollaczek","1"
"Felix Salten","2167","Alfred von Berger","10883","20","Directed","Felix Salten–Alfred von Berger","3"
"Felix Salten","2167","Emanuel Reicher","12491","19","Directed","Felix Salten–Emanuel Reicher","4"
"Felix Salten","2167","Arthur Kaufmann","2496","19","Directed","Felix Salten–Arthur Kaufmann","3"
"Felix Salten","2167","Paul Horn","18523","17","Directed","Felix Salten–Paul Horn","4"
"Felix Salten","2167","Siegfried Trebitsch","12968","17","Directed","Felix Salten–Siegfried Trebitsch","7"
"Felix Salten","2167","Friedrich Mitterwurzer","12265","17","Directed","Felix Salten–Friedrich Mitterwurzer","4"
"Felix Salten","2167","Josef Jarno","2601","17","Directed","Felix Salten–Josef Jarno","2"
"Felix Salten","2167","Richard Specht","2456","16","Directed","Felix Salten–Richard Specht","7"
"Felix Salten","2167","Ludwig Fulda","11391","15","Directed","Felix Salten–Ludwig Fulda","1"
"Felix Salten","2167","Raoul Auernheimer","10788","15","Directed","Felix Salten–Raoul Auernheimer","1"
"Felix Salten","2167","Rudolf Lothar","2570","15","Directed","Felix Salten–Rudolf Lothar","1"
"Felix Salten","2167","Hermine von Schaffgotsch","24033","14","Directed","Felix Salten–Hermine von Schaffgotsch","1"
"Felix Salten","2167","Carl Karlweis","13082","14","Directed","Felix Salten–Carl Karlweis","1"
"Felix Salten","2167","Felix Dörmann","2425","14","Directed","Felix Salten–Felix Dörmann","2"
"Felix Salten","2167","Markus Hajek","2284","14","Directed","Felix Salten–Markus Hajek","1"
"Felix Salten","2167","Julius Bauer","2150","14","Directed","Felix Salten–Julius Bauer","4"
"Felix Salten","2167","Albert Steinrück","12837","13","Directed","Felix Salten–Albert Steinrück","1"
"Felix Salten","2167","Friedrich von Schiller","12654","13","Directed","Felix Salten–Friedrich von Schiller","1"
"Felix Salten","2167","Richard Rosenbaum","12556","13","Directed","Felix Salten–Richard Rosenbaum","1"
"Felix Salten","2167","Emerich von Bukovics","2161","13","Directed","Felix Salten–Emerich von Bukovics","2"
"Felix Salten","2167","Oskar Mayer","21236","12","Directed","Felix Salten–Oskar Mayer","2"
"Felix Salten","2167","Paul Salten","2922","12","Directed","Felix Salten–Paul Salten","12"
